energy,ld,errors
0.44099999999999995,1.6160001,0.67357343
0.741,2.340317,0.69987273
1.041,4.3981805,1.2988422
1.3410000000000002,7.9218979,2.2828012
1.641,5.7775831,2.0766733
1.9409999999999998,5.332778,2.2662923
2.241,13.171192,4.6543274
2.541,18.622341,7.2097344
2.8409999999999997,30.102291,10.852059
3.141,34.471684,16.361855
3.4410000000000003,98.746201,36.145912
3.741,74.986275,37.800491
4.0409999999999995,132.87492,65.006676
4.340999999999999,185.18456,110.82074
4.640999999999999,169.01286,119.84811
4.941,348.42517,214.01866
5.241,447.9805,320.42114
